Order,Family,Genus,Species,phylo,Segmented.neutrophils,Database,count_type,Notes,
Carnivora,Felidae,Acinonyx,jubatus,Acinonyx_jubatus,6.24,Global_sp_RI,automated,replaced_Downs,
Cetartiodactyla,Bovidae,Addax,nasomaculatus,Addax_nasomaculatus,3,Global_sp_RI,automated,replaced_Downs,
Cetartiodactyla,Bovidae,Aepyceros,melampus,Aepyceros_melampus,1.79,Basic_stats,automated,replaced_Downs,
Carnivora,Ursidae,Ailuropoda,melanoleuca,Ailuropoda_melanoleuca,3.93,Global_sp_RI,automated,replaced_Downs,
Carnivora,Ailuridae,Ailurus,fulgens,Ailurus_fulgens,2.63,Global_sp_RI,automated,replaced_Downs,
Cetartiodactyla,Cervidae,Alces,alces,Alces_alces,4.032,Global_sp_RI,calculated,replaced_Downs,
Cetartiodactyla,Bovidae,Alcelaphus,buselaphus,Alcelaphus_buselaphus,2.968,Basic_stats,calculated,new,
Cetartiodactyla,Cervidae,Alces,americanus,Alces_americanus,4.347,Global_sp_RI,automated,retained,
Primates,,Allenopithecus,nigroviridis,Allenopithecus_nigroviridis,2.89,Global_sp_RI,automated,new,
Primates,,Allochrocebus,lhoesti,Allochrocebus_lhoesti,3,Basic_stats,automated,new,
Primates,Atelidae,Alouatta,caraya,Alouatta_caraya,5.71,Global_sp_RI,automated,replaced_Downs,
Primates,Atelidae,Alouatta,pigra,Alouatta_pigra,8.78,Basic_stats,automated,new,
Primates,Atelidae,Alouatta,seniculus,Alouatta_seniculus,6.27,Basic_stats,automated,new,
Cetartiodactyla,Bovidae,Ammotragus,lervia,Ammotragus_lervia,4.82,Global_sp_RI,automated,replaced_Downs,
Cetartiodactyla,Bovidae,Antidorcas,marsupialis,Antidorcas_marsupialis,2.842,Global_sp_RI,calculated,replaced_Downs,
Cetartiodactyla,Antilocapridae,Antilocapra,americana,Antilocapra_americana,7.34,Global_sp_RI,automated,replaced_Downs,
Cetartiodactyla,Bovidae,Antilope,cervicapra,Antilope_cervicapra,1.46,Global_sp_RI,automated,replaced_Downs,
Carnivora,Mustelidae,Aonyx,capensis,Aonyx_capensis,3.773,Global_sp_RI,calculated,replaced_Downs,
Carnivora,Mustelidae,Aonyx,cinerea,Aonyx_cinerea,3.81,Global_sp_RI,automated,replaced_Downs,
Primates,Aotidae,Aotus,lemurinus,Aotus_lemurinus,5.35,Global_sp_RI,calculated,replaced_Downs,
Primates,Aotidae,Aotus,griseimembra,Aotus_griseimembra,3.86,Global_sp_RI,calculated,new,
Primates,Aotidae,Aotus,nancymaae,Aotus_nancymaae,2.526,Basic_stats,calculated,new,
Primates,Aotidae,Aotus,nigriceps,Aotus_nigriceps,4.385,Basic_stats,calculated,new,
Primates,Aotidae,Aotus,trivirgatus,Aotus_trivirgatus,2.763,Basic_stats,calculated,new,
Carnivora,Viverridae,Arctictis,binturong,Arctictis_binturong,6.24,Global_sp_RI,automated,replaced_Downs,
Carnivora,Otariidae,Arctocephalus,forsteri,Arctocephalus_forsteri,4.3,Basic_stats,calculated,new,
Carnivora,Otariidae,Arctocephalus,pusillus,Arctocephalus_pusillus,3.09,Basic_stats,automated,new,
Chiroptera,Phyllostomidae,Artibeus,jamaicensis,Artibeus_jamaicensis,2.35,,,retained,
Eulipotyphla,Erinaceidae,Atelerix,albiventris,Atelerix_albiventris,3.83,Global_sp_RI,automated,new,
Eulipotyphla,Erinaceidae,Atelerix,algirus,Atelerix_algirus,4.782,Global_sp_RI,automated,new,
Primates,Atelidae,Ateles,belzebuth,Ateles_belzebuth,8.26,Global_sp_RI,calculated,new,
Primates,Atelidae,Ateles,fusciceps,Ateles_fusciceps,11.53,Global_sp_RI,automated,replaced_Downs,
Primates,Atelidae,Ateles,geoffroyi,Ateles_geoffroyi,6.97,Global_sp_RI,automated,replaced_Downs,
Primates,Atelidae,Ateles,hybridus,Ateles_hybridus,7,Global_sp_RI,automated,new,
Primates,Atelidae,Ateles,paniscus,Ateles_paniscus,7.833,Basic_stats,calculated,new,
Cetartiodactyla,Cervidae,Axis,porcinus,Axis_porcinus,2.296,Global_sp_RI,calculated,replaced_Downs,
Cetartiodactyla,Suidae,Babyrousa,babyrussa,Babyrousa_babyrussa,3.78,Basic_stats,automated,new,
Cetartiodactyla,Suidae,Babyrousa,celebensis,Babyrousa_celebensis,3.07,Basic_stats,automated,new,
Carnivora,Procyonidae,Bassariscus,astutus,Bassariscus_astutus,1.846,Global_sp_RI,calculated,replaced_Downs,
Carnivora,Procyonidae,Bassariscus,sumichrasti,Bassariscus_sumichrasti,1.14,Global_sp_RI,calculated,replaced_Downs,
Diprotodontia,Potoroidae,Bettongia,penicillata,Bettongia_penicillata,2.026,Global_sp_RI,calculated,new,
Cetartiodactyla,Bovidae,Bison,bison,Bison_bison,2.57,Global_sp_RI,automated,replaced_Downs,
Cetartiodactyla,Bovidae,Bison,bonasus,Bison_bonasus,2.872,Global_sp_RI,automated,new,
Cetartiodactyla,Bovidae,Bos,frontalis,Bos_frontalis,3.731,Global_sp_RI,calculated,replaced_Downs,
Cetartiodactyla,Bovidae,Bos,gaurus,Bos_gaurus,3.248,Global_sp_RI,calculated,new,
Cetartiodactyla,Bovidae,Bos,grunniens,Bos_grunniens,2.45,Global_sp_RI,automated,replaced_Downs,
Cetartiodactyla,Bovidae,Bos,javanicus,Bos_javanicus,1.94,Global_sp_RI,automated,replaced_Downs,
Cetartiodactyla,Bovidae,Bos,taurus,Bos_taurus,2.35,Global_sp_RI,automated,new,
Cetartiodactyla,Bovidae,Boselaphus,tragocamelus,Boselaphus_tragocamelus,1.998,Global_sp_RI,calculated,replaced_Downs,
Cetartiodactyla,Bovidae,Bubalus,bubalis,Bubalus_bubalis,3.829,Global_sp_RI,calculated,new,
Cetartiodactyla,Bovidae,Bubalus,depressicornis,Bubalus_depressicornis,2.16,Global_sp_RI,calculated,replaced_Downs,
Cetartiodactyla,Bovidae,Budorcas,taxicolor,Budorcas_taxicolor,4.8,Global_sp_RI,automated,replaced_Downs,
Primates,Pitheciidae,Cacajao,calvus,Cacajao_calvus,4.888,Basic_stats,calculated,new,
Primates,Cebidae,Callimico,goeldii,Callimico_goeldii,2.13,Global_sp_RI,automated,replaced_Downs,
Primates,Cebidae,Callithrix,geoffroyi,Callithrix_geoffroyi,3.083,Global_sp_RI,calculated,new,
Primates,Cebidae,Callithrix,argentata,Callithrix_argentata,3.43,,,retained,
Primates,Cebidae,Callithrix,kuhlii,Callithrix_kuhlii,3.43,Global_sp_RI,calculated,new,
Primates,Cebidae,Callithrix,jacchus,Callithrix_jacchus,2.873,Global_sp_RI,calculated,replaced_Downs,
Primates,Cebidae,Callithrix,pygmaea,Callithrix_pygmaea,1.88,,,retained,
Carnivora,Otariidae,Callorhinus,ursinus,Callorhinus_ursinus,3.727,Global_sp_RI,calculated,replaced_Downs,
Rodentia,Sciuridae,Callosciurus,prevostii,Callosciurus_prevostii,2.16,Global_sp_RI,calculated,replaced_Downs,
Cetartiodactyla,Camelidae,Camelus,bactrianus,Camelus_bactrianus,7.93,Global_sp_RI,automated,replaced_Downs,
Cetartiodactyla,Camelidae,Camelus,dromedarius,Camelus_dromedarius,8.06,Global_sp_RI,automated,replaced_Downs,
Carnivora,Canidae,Canis,latrans,Canis_latrans,4.2,Global_sp_RI,automated,replaced_Downs,
Carnivora,Canidae,Canis,lupus,Canis_lupus,5.24,Global_sp_RI,automated,replaced_Downs,
Carnivora,Canidae,Canis,mesomelas,Canis_mesomelas,4.927,Global_sp_RI,calculated,replaced_Downs,
Carnivora,Canidae,Canis,rufus,Canis_rufus,5.6,Global_sp_RI,automated,new,
Cetartiodactyla,Bovidae,Capra,aegagrus,Capra_aegagrus,3.194,Basic_stats,calculated,new,
Cetartiodactyla,Bovidae,Capra,falconeri,Capra_falconeri,5.7,Global_sp_RI,automated,replaced_Downs,
Cetartiodactyla,Bovidae,Capra,hircus,Capra_hircus,4.21,,,retained,
Cetartiodactyla,Bovidae,Capra,ibex,Capra_ibex,2.76,Global_sp_RI,calculated,replaced_Downs,
Cetartiodactyla,Bovidae,Capra,nubiana,Capria_nubiana,3.995,Global_sp_RI,calculated,new,
Cetartiodactyla,Bovidae,Capra,sibirica,Capria_sibirica,5.084,Global_sp_RI,calculated,new,
Cetartiodactyla,Bovidae,Capricornis,crispus,Capricornis_crispus,5.615,Global_sp_RI,calculated,new,
Carnivora,Felidae,Caracal,caracal,Caracal_caracal,4.104,Global_sp_RI,calculated,replaced_Downs,
Rodentia,Castoridae,Castor,canadensis,Castor_canadensis,5.86,Global_sp_RI,automated,replaced_Downs,
Cetartiodactyla,Tayassuidae,Catagonus,wagneri,Catagonus_wagneri,4.08,Global_sp_RI,automated,new,
Carnivora,Felidae,Catopuma,temminckii,Catopuma_temminckii,5.261,Global_sp_RI,calculated,new,
Rodentia,Caviidae,Cavia,porcellus,Cavia_porcellus,2.431,Global_sp_RI,calculated,new,
Primates,Callitrichidae,Cebuella,pygmaea,Cebuella_pygmaea,26,Global_sp_RI,automated,new,flag
Primates,Cebidae,Cebus,capucinus,Cebus_capucinus,2.536,Global_sp_RI,calculated,replaced_Downs,
Primates,Cebidae,Cebus,albifrons,Cebus_albifrons,2.146,Global_sp_RI,calculated,new,
Cetartiodactyla,Bovidae,Cephalophus,dorsalis,Cephalophus_dorsalis,2.671,Global_sp_RI,calculated,replaced_Downs,
Cetartiodactyla,Bovidae,Cephalophus,niger,Cephalophus_niger,0.957,Global_sp_RI,calculated,replaced_Downs,
Cetartiodactyla,Bovidae,Cephalophus,rufilatus,Cephalophus_rufilatus,1.015,Global_sp_RI,calculated,replaced_Downs,
Cetartiodactyla,Bovidae,Cephalophus,silvicultor,Cephalophus_silvicultor,2.28,Global_sp_RI,automated,replaced_Downs,
Perissodactyla,Rhinocerotidae,Ceratotherium,simum,Ceratotherium_simum,5.2,Global_sp_RI,automated,replaced_Downs,
Primates,Cercopithecidae,Cercocebus,atys,Cercocebus_atys,2.858,Global_sp_RI,calculated,new,
Primates,Cercopithecidae,Cercocebus,torquatus,Cercocebus_torquatus,3.161,Global_sp_RI,calculated,replaced_Downs,
Primates,Cercopithecidae,Cercocebus,lunulatus,Cercocebus_lunulatus,3.145,Basic_stats,calculated,new,
Primates,Cercopithecidae,Cercocebus,chrysogaster,Cercocebus_chrysogaster,2.346,Global_sp_RI,calculated,new,
Primates,Cercopithecidae,Cercopithecus,ascanius,Cercopithecus_ascanius,2,Global_sp_RI,calculated,replaced_Downs,
Primates,Cercopithecidae,Cercopithecus,cephus,Cercopithecus_cephus,2.737,Global_sp_RI,calculated,new,
Primates,Cercopithecidae,Cercopithecus,diana,Cercopithecus_diana,3.236,Global_sp_RI,calculated,replaced_Downs,
Primates,Cercopithecidae,Cercopithecus,neglectus,Cercopithecus_neglectus,2.26,Global_sp_RI,automated,replaced_Downs,
Primates,Cercopithecidae,Cercopithecus,hamlyni,Cercopithecus_hamlyni,2.244,Basic_stats,calculated,new,
Primates,Cercopithecidae,Cercopithecus,mona,Cercopithecus_mona,2.205,Global_sp_RI,calculated,new,
Primates,Cercopithecidae,Cercopithecus,mitis,Cercopithecus_mitis,3.078,Global_sp_RI,calculated,new,
Primates,Cercopithecidae,Cercopithecus,nictitans,Cercopithecus_nictitans,2.679,Global_sp_RI,calculated,new,
Primates,Cercopithecidae,Cercopithecus,petaurista,Cercopithecus_petaurista,1.711,Global_sp_RI,calculated,new,
Primates,Cercopithecidae,Cercopithecus,pogonias,Cercopithecus_pogonias,1.711,Global_sp_RI,calculated,new,
Primates,Cercopithecidae,Cercopithecus,wolfi,Cercopithecus_wolfi,3.438,Global_sp_RI,calculated,new,
Cetartiodactyla,Cervidae,Cervus,albirostris,Cervus_albirostris,3.198,Global_sp_RI,calculated,new,
Cetartiodactyla,Cervidae,Cervus,canadensis,Cervus_canadensis,2.9,Global_sp_RI,automated,new,
Cetartiodactyla,Cervidae,Cervus,elaphus,Cervus_elaphus,1.669,Global_sp_RI,calculated,replaced_Downs,
Cetartiodactyla,Cervidae,Cervus,hanglu,Cervus_hanglu,2.412,Basic_stats,calculated,new,
Cetartiodactyla,Cervidae,Cervus,nippon,Cervus_nippon,2.4,Global_sp_RI,automated,replaced_Downs,
Cingulata,Chlamyphoridae,Chaetophractus,vellerosus,Chaetophractus_vellerosus,1.558,Global_sp_RI,calculated,new,
Primates,Cheirogaleidae,Cheirogaleus,medius,Cheirogaleus_medius,1.84,Global_sp_RI,calculated,replaced_Downs,
Rodentia,Chinchillidae,Chinchilla,lanigera,Chinchilla_lanigera,2.01,Global_sp_RI,automated,replaced_Downs,
Primates,Cercopithecidae,Chlorocebus,aethiops,Chlorocebus_aethiops,5.117,Global_sp_RI,calculated,new,
Primates,Cercopithecidae,Chlorocebus,pygerythrus,Chlorocebus_pygerythrus,1.83,Global_sp_RI,automated,new,
Cetartiodactyla,Hippopotamidae,Choeropsis,liberiensis,Choeropsis_liberiensis,5.581,Basic_stats,calculated,new,
Pilosa,Megalonychidae,Choloepus,didactylus,Choloepus_didactylus,3.9,Global_sp_RI,automated,replaced_Downs,
Pilosa,Megalonychidae,Choloepus,hoffmanni,Choloepus_hoffmanni,3.74,Global_sp_RI,automated,replaced_Downs,
Carnivora,Canidae,Chrysocyon,brachyurus,Chrysocyon_brachyurus,7,Global_sp_RI,automated,replaced_Downs,
Rodentia,Erethizontidae,Coendou,mexicanus,Coendou_mexicanus,4.979,Basic_stats,calculated,new,
Rodentia,Erethizontidae,Coendou,prehensilis,Coendou_prehensilis,3.01,Global_sp_RI,automated,replaced_Downs,
Primates,Cercopithecidae,Colobus,angolensis,Colobus_angolensis,3.08,Global_sp_RI,automated,new,
Primates,Cercopithecidae,Colobus,caudatus,Colobus_caudatus,4.661,Global_sp_RI,calculated,new,
Primates,Cercopithecidae,Colobus,guereza,Colobus_guereza,2.45,Global_sp_RI,automated,replaced_Downs,
Cetartiodactyla,Bovidae,Connochaetes,taurinus,Connochaetes_taurinus,2.7,Global_sp_RI,automated,replaced_Downs,
Carnivora,Hyaenidae,Crocuta,crocuta,Crocuta_crocuta,8.52,Global_sp_RI,calculated,replaced_Downs,
Carnivora,Herpestidae,Crossarchus,obscurus,Crossarchus_obscurus,4.216,Basic_stats,calculated,new,
Carnivora,Eupleridae,Cryptoprocta,ferox,Cryptoprocta_ferox,5.85,Global_sp_RI,automated,replaced_Downs,
Rodentia,Cuniculidae,Cuniculus,paca,Cuniculus_paca,1.92,Basic_stats,automated,new,
Carnivora,Canidae,Cuon,alpinus,Cuon_alpinus,7.473,Global_sp_RI,calculated,new,
Rodentia,Sciuridae,Cynomys,ludovicianus,Cynomys_ludovicianus,2.925,Global_sp_RI,calculated,replaced_Downs,
Diprotodontia,Petauridae,Dactylopsila,trivirgata,Dactylopsila_trivirgata,4.296,Global_sp_RI,calculated,replaced_Downs,
Cetartiodactyla,Cervidae,Dama,dama,Dama_dama,1.15,Global_sp_RI,automated,replaced_Downs,
Cetartiodactyla,Bovidae,Damaliscus,korrigum,Damaliscus_korrigum,2.709,Global_sp_RI,calculated,new,
Cetartiodactyla,Bovidae,Damaliscus,pygarus,Damaliscus_pygarus,2.106,Global_sp_RI,calculated,new,
Rodentia,Dasyproctidae,Dasyprocta,leporina,Dasyprocta_leporina,2.199,Global_sp_RI,calculated,replaced_Downs,
Rodentia,Dasyproctidae,Dasyprocta,punctata,Dasyprocta_punctata,3.528,Basic_stats,calculated,new,
Xenarthra,Dasypodidae,Dasypus,novemcinctus,Dasypus_novemcinctus,3.308,Global_sp_RI,calculated,replaced_Downs,
Dasyuromorphia,Dasyuridae,Dasyuroides,byrnei,Dasyuroides_byrnei,1.14,Basic_stats,calculated,new,
Dasyuromorphia,Dasyuridae,Dasyurus,geoffroii,Dasyurus_geoffroii,1.09,Global_sp_RI,calculated,new,
Dasyuromorphia,Dasyuridae,Dasyurus,maculatus,Dasyurus_maculatus,1.86,Basic_stats,calculated,new,
Primates,Daubentoniidae,Daubentonia,madagascariensis,Daubentonia_madagascariensis,4.004,Global_sp_RI,calculated,new,
Cetartiodactyla,Monodontidae,Delphinapterus,leucas,Delphinapterus_leucas,4.107,Global_sp_RI,calculated,replaced_Downs,
Diprotodontia,Macropodidae,Dendrolagus,goodfellowi,Dendrolagus_goodfellowi,2.313,Global_sp_RI,automated,new,
Diprotodontia,Macropodidae,Dendrolagus,matschiei,Dendrolagus_matschiei,1.761,Global_sp_RI,calculated,replaced_Downs,
Chiroptera,Phyllostomidae,Desmodus,rotundus,Desmodus_rotundus,1.748,Basic_stats,calculated,new,
Perissodactyla,Rhinocerotidae,Dicerorhinus,sumatrensis,Dicerorhinus_sumatrensis,4.302,Global_sp_RI,calculated,replaced_Downs,
Perissodactyla,Rhinocerotidae,Diceros,bicornis,Diceros_bicornis,4.82,Global_sp_RI,automated,replaced_Downs,
Didelphimorphia,Didelphidae,Didelphis,virginiana,Didelphis_virginiana,3.57,Global_sp_RI,automated,replaced_Downs,
Rodentia,Dinomyidae,Dinomys,branickii,Dinomys_branickii,4.025,Basic_stats,calculated,new,
Rodentia,Caviidae,Dolichotis,patagonum,Dolichotis_patagonum,4.28,Global_sp_RI,automated,replaced_Downs,
Afrosoricida,Tenrecidae,Echinops,telfairi,Echinops_telfairi,3.45,Global_sp_RI,calculated,new,
Chiroptera,Pteropodidae,Eidolon,helvum,Eidolon_helvum,1.02,Global_sp_RI,automated,replaced_Downs,
Carnivora,Mustelidae,Eira,barbara,Eira_barbara,4.528,Global_sp_RI,calculated,replaced_Downs,
Cetartiodactyla,Cervidae,Elaphodus,cephalophus,Elaphodus_cephalophus,1.892,Global_sp_RI,calculated,new,
Cetartiodactyla,Cervidae,Elaphurus,davidianus,Elaphurus_davidianus,2.88,Global_sp_RI,calculated,replaced_Downs,
Proboscidea,Elephantidae,Elephas,maximus,Elephas_maximus,3.12,Global_sp_RI,automated,replaced_Downs,
Carnivora,Mustelidae,Enhydra,lutris,Enhydra_lutris,3.42,Global_sp_RI,calculated,replaced_Downs,
Perissodactyla,Equidae,Equus,africanus,Equus_africanus,4.142,Global_sp_RI,calculated,new,
Perissodactyla,Equidae,Equus,asinus,Equus_asinus,3.46,Global_sp_RI,automated,new,
Perissodactyla,Equidae,Equus,burchellii,Equus_burchellii,5.29,,,retained,
Perissodactyla,Equidae,Equus,caballus,Equus_caballus,3.59,Global_sp_RI,automated,replaced_Downs,
Perissodactyla,Equidae,Equus,grevyi,Equus_grevyi,3.63,Global_sp_RI,automated,replaced_Downs,
Perissodactyla,Equidae,Equus,hemionus,Equus_hemionus,6.595,Global_sp_RI,calculated,new,
Perissodactyla,Equidae,Equus,quagga,Equus_quagga,3.89,Global_sp_RI,automated,new,
Perissodactyla,Equidae,Equus,zebra,Equus_zebra,4.55,Global_sp_RI,automated,replaced_Downs,
Rodentia,Erethizontidae,Erethizon,dorsatum,Erethizon_dorsatum,3.99,Global_sp_RI,automated,replaced_Downs,
Primates,Cercopithecidae,Erythrocebus,patas,Erythrocebus_patas,1.6,Global_sp_RI,automated,replaced_Downs,
Cetartiodactyla,Bovidae,Eudorcas,thomsonii,Eudorcas_thomsonii,1.6,Global_sp_RI,calculated,replaced_Downs,
Primates,Lemuridae,Eulemur,albifrons,Eulemur_albifrons,3.808,Global_sp_RI,calculated,new,
Primates,Lemuridae,Eulemur,collaris,Eulemur_collaris,3.783,Global_sp_RI,calculated,new,
Primates,Lemuridae,Eulemur,coronatus,Eulemur_coronatus,2.75,Global_sp_RI,automated,replaced_Downs,
Primates,Lemuridae,Eulemur,fulvus,Eulemur_fulvus,2.517,Global_sp_RI,calculated,replaced_Downs,
Primates,Lemuridae,Eulemur,macaco,Eulemur_macaco,4.43,Global_sp_RI,calculated,replaced_Downs,
Primates,Lemuridae,Eulemur,mongoz,Eulemur_mongoz,2.08,Global_sp_RI,automated,replaced_Downs,
Primates,Lemuridae,Eulemur,rubriventer,Eulemur_rubriventer,3.648,Global_sp_RI,calculated,replaced_Downs,
Primates,Lemuridae,Eulemur,rufus,Eulemur_rufus,2.28,Global_sp_RI,calculated,new,
Primates,Lemuridae,Eulemur,sanfordi,Eulemur_sanfordi,2.517,Global_sp_RI,calculated,new,
Carnivora,Otariidae,Eumetopias,jubatus,Eumetopias_jubatus,5.2,Basic_stats,calculated,new,
Cingulata,Chlamyphoridae,Euphractus,sexcinctus,Euphractus_sexcinctus,2.29,Global_sp_RI,automated,new,
Carnivora,Felidae,Felis,margarita,Felis_margarita,5,Global_sp_RI,automated,new,
Carnivora,Felidae,Felis,chaus,Felis_chaus,4.815,Basic_stats,calculated,new,
Carnivora,Felidae,Felis,nigripes,Felis_nigripes,4.43,Global_sp_RI,automated,replaced_Downs,
Carnivora,Felidae,Felis,silvestris,Felis_silvestris,3.77,Global_sp_RI,calculated,replaced_Downs,
Primates,Galagidae,Galago,moholi,Galago_moholi,1.32,Global_sp_RI,calculated,replaced_Downs,
Cetartiodactyla,Bovidae,Gazella,cuvieri,Gazella_cuvieri,3.28,Global_sp_RI,calculated,new,
Cetartiodactyla,Bovidae,Gazella,dorcas,Gazella_dorcas,2.58,,,retained,
Cetartiodactyla,Bovidae,Gazella,leptoceros,Gazella_leptoceros,1.836,Global_sp_RI,calculated,replaced_Downs,
Cetartiodactyla,Bovidae,Gazella,marica,Gazella_marica,2.128,Global_sp_RI,calculated,new,
Cetartiodactyla,Bovidae,Gazella,spekei,Gazella_spekei,1.637,Global_sp_RI,calculated,new,
Cetartiodactyla,Bovidae,Gazella,subgutturosa,Gazella_subgutturosa,1.83,Basic_stats,automated,replaced_Downs,
Carnivora,Viverridae,Genetta,genetta,Genetta_genetta,4.446,Basic_stats,calculated,new,
Carnivora,Viverridae,Genetta,tigrina,Genetta_tigrina,3.92,Basic_stats,calculated,new,
Cetartiodactyla,Giraffidae,Giraffa,camelopardalis,Giraffa_camelopardalis,6.39,Global_sp_RI,automated,replaced_Downs,
Primates,Hominidae,Gorilla,gorilla,Gorilla_gorilla,3.18,Global_sp_RI,automated,replaced_Downs,
Carnivora,Mustelidae,Gulo,gulo,Gulo_gulo,2.853,Global_sp_RI,calculated,replaced_Downs,
Carnivora,Phocidae,Halichoerus,grypus,Halichoerus_grypus,6.552,Global_sp_RI,calculated,replaced_Downs,
Primates,Lemuridae,Hapalemur,alaotrensis,Hapalemur_alaotrensis,1.96,Global_sp_RI,calculated,new,
Primates,Lemuridae,Hapalemur,griseus,Hapalemur_griseus,2.958,Global_sp_RI,calculated,replaced_Downs,
Carnivora,Ursidae,Helarctos,malayanus,Helarctos_malayanus,7.6,Global_sp_RI,automated,replaced_Downs,
Carnivora,Herpestidae,Helogale,parvula,Helogale_parvula,4.104,Global_sp_RI,calculated,replaced_Downs,
Carnivora,Viverridae,Hemigalus,derbyanus,Hemigalus_derbyanus,2.771,Basic_stats,calculated,new,
Cetartiodactyla,Bovidae,Hemitragus,hylocrius,Hemitragus_hylocrius,3.978,Global_sp_RI,calculated,replaced_Downs,
Cetartiodactyla,Bovidae,Hemitragus,jemlahicus,Hemitragus_jemlahicus,2.53,Global_sp_RI,calculated,replaced_Downs,
Carnivora,Felidae,Herpailurus,yagouaroundi,Herpailurus_yagouaroundi,3.813,Global_sp_RI,calculated,new,
Cetartiodactyla,Bovidae,Hippotragus,equinus,Hippotragus_equinus,3.472,Global_sp_RI,calculated,replaced_Downs,
Cetartiodactyla,Bovidae,Hippotragus,niger,Hippotragus_niger,2.48,Global_sp_RI,automated,replaced_Downs,
Carnivora,Hyaenidae,Hyaena,hyaena,Hyaena_hyaena,7.73,Global_sp_RI,calculated,replaced_Downs,
Carnivora,Mustelidae,Hydrictis,maculicollis,Hydrictis_maculicollis,4.14,Basic_stats,automated,new,
Rodentia,Caviidae,Hydrochaeris,hydrochaeris,Hydrochaeris_hydrochaeris,3.3,Global_sp_RI,automated,replaced_Downs,
Primates,Hylobatidae,Hylobates,agilus,Hylobates_agilis,8.508,Basic_stats,calculated,new,
Primates,Hylobatidae,Hylobates,lar,Hylobates_lar,3.72,Global_sp_RI,automated,replaced_Downs,
Primates,Hylobatidae,Hylobates,moloch,Hylobates_moloch,4.575,Global_sp_RI,calculated,new,
Primates,Hylobatidae,Hylobates,muelleri,Hylobates_muelleri,3.256,Global_sp_RI,calculated,replaced_Downs,
Primates,Hylobatidae,Hylobates,pileatus,Hylobates_pileatus,3.621,Basic_stats,calculated,new,
Rodentia,Nesomyidae,Hypogeomys,antimena,Hypogeomys_antimena,3.776,Global_sp_RI,calculated,replaced_Downs,
Rodentia,Hystricidae,Hystrix,africaeaustralis,Hystrix_africaeaustralis,3.77,Global_sp_RI,automated,replaced_Downs,
Rodentia,Hystricidae,Hystrix,cristata,Hystrix_cristata,4.661,Global_sp_RI,calculated,new,
Rodentia,Hystricidae,Hystrix,indica,Hystrix_indica,3.328,Global_sp_RI,calculated,replaced_Downs,
Cetartiodactyla,Bovidae,Kobus,ellipsiprymnus,Kobus_ellipsiprymnus,2.596,Global_sp_RI,calculated,replaced_Downs,
Cetartiodactyla,Bovidae,Kobus,leche,Kobus_leche,2.1,Global_sp_RI,calculated,replaced_Downs,
Cetartiodactyla,Bovidae,Kobus,megaceros,Kobus_megaceros,3.693,Global_sp_RI,calculated,replaced_Downs,
Cetartiodactyla,Delphinidae,Lagenorhynchus,obliquidens,Lagenorhynchus_obliquidens,1.99,,,retained,
Primates,Atelidae,Lagothrix,lagotricha,Lagothrix_lagotricha,7.28,Global_sp_RI,calculated,replaced_Downs,
Cetartiodactyla,Camelidae,Lama,glama,Lama_glama,8,Global_sp_RI,automated,replaced_Downs,
Diprotodontia,Vombatidae,Lasiorhinus,latifrons,Lasiorhinus_latifrons,4.683,Global_sp_RI,calculated,new,
Cetartiodactyla,Camelidae,Lama,guanicoe,Lama_guanicoe,7.068,Global_sp_RI,calculated,new,
Primates,Lemuridae,Lemur,catta,Lemur_catta,2.82,Global_sp_RI,automated,replaced_Downs,
Primates,Callitrichidae,Leontocebus,fuscicollis,Leontocebus_fuscicollis,5.856,Basic_stats,calculated,new,
Primates,Cebidae,Leontopithecus,chrysomelas,Leontopithecus_chrysomelas,3.12,Global_sp_RI,automated,new,
Primates,Cebidae,Leontopithecus,chrysopygus,Leontopithecus_chrysopygus,3.48,Global_sp_RI,calculated,new,
Primates,Cebidae,Leontopithecus,rosalia,Leontopithecus_rosalia,4.65,Global_sp_RI,automated,replaced_Downs,
Carnivora,Felidae,Leopardus,geoffroyi,Leopardus_geoffroyi,5.357,Global_sp_RI,calculated,new,
Carnivora,Felidae,Leopardus,pardalis,Leopardus_pardalis,7.41,Global_sp_RI,automated,replaced_Downs,
Carnivora,Felidae,Leopardus,wiedii,Leopardus_wiedii,4.816,Global_sp_RI,calculated,replaced_Downs,
Carnivora,Felidae,Leptailurus,serval,Leptailurus_serval,5.84,Global_sp_RI,automated,replaced_Downs,
Cetartiodactyla,Bovidae,Litocranius,walleri,Litocranius_walleri,2.495,Global_sp_RI,calculated,replaced_Downs,
Carnivora,Mustelidae,Lontra,canadensis,Lontra_canadensis,2.9,Global_sp_RI,automated,replaced_Downs,
Primates,Cercopithecidae,Lophocebus,aterrimus,Lophocebus_aterrimus,2.174,Global_sp_RI,calculated,new,
Primates,Lorisidae,Loris,lydekkerianus,Loris_lydekkerianus,3.384,Global_sp_RI,calculated,new,
Primates,Lorisidae,Loris,tardigradus,Loris_tardigradus,3.41,Basic_stats,calculated,new,
Proboscidea,Elephantidae,Loxodonta,africana,Loxodonta_africana,2.93,Global_sp_RI,automated,replaced_Downs,
Carnivora,Canidae,Lycaon,pictus,Lycaon_pictus,7.26,Global_sp_RI,automated,replaced_Downs,
Carnivora,Felidae,Lynx,canadensis,Lynx_canadensis,5.25,Global_sp_RI,automated,replaced_Downs,
Carnivora,Felidae,Lynx,lynx,Lynx_lynx,4.473,Global_sp_RI,calculated,replaced_Downs,
Carnivora,Felidae,Lynx,rufus,Lynx_rufus,2.81,Global_sp_RI,automated,replaced_Downs,
Primates,Cercopithecidae,Macaca,fascicularis,Macaca_fascicularis,7.054,Global_sp_RI,calculated,new,
Primates,Cercopithecidae,Macaca,fuscata,Macaca_fuscata,4.93,Global_sp_RI,automated,replaced_Downs,
Primates,Cercopithecidae,Macaca,mulatta,Macaca_mulatta,4.639,Global_sp_RI,calculated,new,
Primates,Cercopithecidae,Macaca,nemestrina,Macaca_nemestrina,6.758,Basic_stats,calculated,new,
Primates,Cercopithecidae,Macaca,nigra,Macaca_nigra,6.957,Global_sp_RI,calculated,new,
Primates,Cercopithecidae,Macaca,silenus,Macaca_silenus,3.456,Global_sp_RI,calculated,replaced_Downs,
Primates,Cercopithecidae,Macaca,sylvanus,Macaca_sylvanus,3.55,Global_sp_RI,automated,new,
Primates,Cercopithecidae,Macaca,tonkeana,Macaca_tonkeana,5.994,Basic_stats,calculated,new,
Diprotodontia,Macropodidae,Macropus,augenii,Macropus_eugenii,1.83,Global_sp_RI,automated,new,
Diprotodontia,Macropodidae,Macropus,fuliginosus,Macropus_fuliginosus,2.11,Global_sp_RI,automated,new,
Diprotodontia,Macropodidae,Macropus,giganteus,Macropus_giganteus,3.363,Global_sp_RI,automated,replaced_Downs,
Diprotodontia,Macropodidae,Macropus,parma,Macropus_parma,1.26,Global_sp_RI,calculated,replaced_Downs,
Diprotodontia,Macropodidae,Macropus,rufogriseus,Macropus_rufogriseus,1.6,Global_sp_RI,automated,new,
Diprotodontia,Macropodidae,Macropus,robustus,Macropus_robustus,3.23,Global_sp_RI,automated,replaced_Downs,
Diprotodontia,Macropodidae,Macropus,rufus,Macropus_rufus,2.5,Global_sp_RI,automated,replaced_Downs,
Peramelemorphia,Thylacomyidae,Macrotis,lagotis,Macrotis_lagotis,5.02,Global_sp_RI,calculated,new,
Cetartiodactyla,Bovidae,Madoqua,guentheri,Madoqua_guentheri,1.78,,,retained,
Cetartiodactyla,Bovidae,Madoqua,kirkii,Madoqua_kirkii,1.472,Global_sp_RI,calculated,replaced_Downs,
Primates,Cercopithecidae,Mandrillus,leucophaeus,Mandrillus_leucophaeus,3.778,Global_sp_RI,calculated,replaced_Downs,
Primates,Cercopithecidae,Mandrillus,sphinx,Mandrillus_sphinx,3.2,Global_sp_RI,automated,replaced_Downs,
Rodentia,Sciuridae,Marmota,flaviventris,Marmota_flaviventris,2.46,Basic_stats,calculated,new,
Rodentia,Sciuridae,Marmota,monax,Marmota_monax,2.914,Global_sp_RI,calculated,new,
Carnivora,Mustelidae,Martes,pennanti,Martes_pennanti,2.387,Global_sp_RI,calculated,replaced_Downs,
Cetartiodactyla,Cervidae,Mazama,gouazoubira,Mazama_gouazoubira,1.67,Basic_stats,calculated,new,
Cetartiodactyla,Cervidae,Mazama,temama,Mazama_temama,2.573,Global_sp_RI,calculated,new,
Carnivora,Ursidae,Melursus,ursinus,Melursus_ursinus,7.378,Global_sp_RI,calculated,replaced_Downs,
Carnivora,Mephitidae,Mephitis,mephitis,Mephitis_mephitis,2.03,Global_sp_RI,automated,replaced_Downs,
Primates,Callitrichidae,Mico,argentatus,Mico_argentatus,3.267,Global_sp_RI,calculated,new,
Primates,Cheirogaleidae,Microcebus,murinus,Microcebus_murinus,2.71,Basic_stats,automated,new,
Primates,Cercopithecidae,Miopithecus,ogouensis,Miopithecus_ogouensis,3.933,Basic_stats,calculated,new,
Primates,Cercopithecidae,Miopithecus,talapoin,Miopithecus_talapoin,4.157,Global_sp_RI,calculated,replaced_Downs,
Primates,Cheirogaleidae,Mirza,coquereli,Mirza_coquereli,3.63,Global_sp_RI,calculated,replaced_Downs,
Cetartiodactyla,Cervidae,Muntiacus,muntjak,Muntiacus_muntjak,1.491,Basic_stats,calculated,new,
Cetartiodactyla,Cervidae,Muntiacus,reevesi,Muntiacus_reevesi,3.7,Global_sp_RI,automated,new,
Cetartiodactyla,Cervidae,Muntiacus,vaginalis,Muntiacus_vaginalis,1.641,Global_sp_RI,calculated,new,
Carnivora,Mustelidae,Mustela,erminea,Mustela_erminea,0.638,Basic_stats,calculated,new,
Carnivora,Herpestidae,Mungos,mungo,Mungos_mungo,3.483,Global_sp_RI,calculated,replaced_Downs,
Carnivora,Mustelidae,Mustela,nigripes,Mustela_nigripes,2.38,Global_sp_RI,automated,replaced_Downs,
Carnivora,Mustelidae,Mustela,putorius,Mustela_putorius,2.16,Global_sp_RI,automated,replaced_Downs,
Rodentia,Echimyidae,Myocastor,coypus,Myocastor_coypus,4.173,Basic_stats,calculated,new,
Rodentia,Dasyproctidae,Myoprocta,pratti,Myoprocta_pratti,1.358,Global_sp_RI,calculated,new,
Pilosa,Myrmecophagidae,Myrmecophaga,tridactyla,Myrmecophaga_tridactyla,5.93,Global_sp_RI,automated,replaced_Downs,
Cetartiodactyla,Bovidae,Naemorhedus,griseus,Naemorhedus_griseus,2.268,Global_sp_RI,calculated,new,
Cetartiodactyla,Bovidae,Nanger,dama,Nanger_dama,1.65,Global_sp_RI,automated,replaced_Downs,
Cetartiodactyla,Bovidae,Nanger,granti,Nanger_granti,2.275,Global_sp_RI,calculated,replaced_Downs,
Cetartiodactyla,Bovidae,Nanger,soemmerringii,Nanger_soemmerringii,1.494,Global_sp_RI,calculated,new,
Carnivora,Procyonidae,Nasua,narica,Nasua_narica,4.088,Global_sp_RI,calculated,replaced_Downs,
Carnivora,Procyonidae,Nasua,nasua,Nasua_nasua,5.43,Global_sp_RI,automated,replaced_Downs,
Carnivora,Felidae,Neofelis,nebulosa,Neofelis_nebulosa,10.35,Global_sp_RI,automated,replaced_Downs,
Carnivora,Otariidae,Neophoca,cinerea,Neophoca_cinerea,4.047,Basic_stats,calculated,new,
Rodentia,Cricetidae,Neotoma,floridana,Neotoma_floridana,6.6,Basic_stats,calculated,new,
Cetartiodactyla,Bovidae,Neotragus,moschatus,Neotragus_moschatus,1.342,Basic_stats,calculated,new,
Cetartiodactyla,Bovidae,Neotragus,pygmaeus,Neotragus_pygmaeus,1.326,Basic_stats,calculated,new,
Primates,Hylobatidae,Nomascus,gabriellae,Nomascus_gabriellae,4.615,Global_sp_RI,calculated,new,
Primates,Hylobatidae,Nomascus,leucogenys,Nomascus_leucogenys,3.39,Global_sp_RI,automated,new,
Primates,Lorisidae,Nycticebus,coucang,Nycticebus_coucang,2.751,Global_sp_RI,calculated,replaced_Downs,
Primates,Lorisidae,Nycticebus,bengalensis,Nycticebus_bengalensis,3.438,Basic_stats,calculated,new,
Primates,Lorisidae,Nycticebus,pygmaeus,Nycticebus_pygmaeus,2.9,Global_sp_RI,automated,new,
Rodentia,Octodontidae,Octodon,degus,Octodon_degus,1.932,Basic_stats,calculated,replaced_Downs,
Carnivora,Odobenidae,Odobenus,rosmarus,Odobenus_rosmarus,4.5,Global_sp_RI,calculated,replaced_Downs,
Cetartiodactyla,Cervidae,Odocoileus,hemionus,Odocoileus_hemionus,2.814,Global_sp_RI,calculated,replaced_Downs,
Cetartiodactyla,Cervidae,Odocoileus,virginianus,Odocoileus_virginianus,1.5,Global_sp_RI,automated,replaced_Downs,
Cetartiodactyla,Giraffidae,Okapia,johnstoni,Okapia_johnstoni,3.49,Global_sp_RI,automated,replaced_Downs,
Cetartiodactyla,Delphinidae,Orcinus,orca,Orcinus_orca,5.6,Global_sp_RI,calculated,replaced_Downs,
Cetartiodactyla,Bovidae,Oreamnos,americanus,Oreamnos_americanus,3.911,Global_sp_RI,calculated,replaced_Downs,
Cetartiodactyla,Bovidae,Oreotragus,oreotragus,Oreotragus_oreotragus,1.538,Global_sp_RI,calculated,replaced_Downs,
Monotremata,Ornithorhynchidae,Ornithorhynchus,anatinus,Ornithorhynchus_anatinus,9.38,,,retained,
Tubulidentata,Orycteropodidae,Orycteropus,afer,Orycteropus_afer,3.74,Global_sp_RI,calculated,replaced_Downs,
Lagomorpha,Leporidae,Oryctolagus,cuniculus,Oryctolagus_cuniculus,2.6,Global_sp_RI,automated,replaced_Downs,
Cetartiodactyla,Bovidae,Oryx,beisa,Oryx_beisa,3.933,Global_sp_RI,calculated,new,
Cetartiodactyla,Bovidae,Oryx,dammah,Oryx_dammah,3.1,Global_sp_RI,automated,replaced_Downs,
Cetartiodactyla,Bovidae,Oryx,gazella,Oryx_gazella,3.712,Global_sp_RI,calculated,replaced_Downs,
Cetartiodactyla,Bovidae,Oryx,leucoryx,Oryx_leucoryx,4.05,Global_sp_RI,calculated,replaced_Downs,
Carnivora,Otariidae,Otaria,byronia,Otaria_byronia,4.59,Basic_stats,automated,new,
Carnivora,Canidae,Otocyon,megalotis,Otocyon_megalotis,3.83,Global_sp_RI,automated,replaced_Downs,
Carnivora,Felidae,Otocolobus,manul,Otocolobus_manul,5.99,Global_sp_RI,automated,new,
Primates,Galagidae,Otolemur,garnettii,Otolemur_garnettii,3.417,Global_sp_RI,calculated,replaced_Downs,
Primates,Galagidae,Otolemur,crassicaudatus,Otolemur_crassicaudatus,2.195,Global_sp_RI,calculated,new,
Cetartiodactyla,Bovidae,Ovibos,moschatus,Ovibos_moschatus,3.245,Global_sp_RI,calculated,replaced_Downs,
Cetartiodactyla,Bovidae,Ovis,aries,Ovis_aries,1.61,Global_sp_RI,automated,replaced_Downs,
Cetartiodactyla,Bovidae,Ovis,canadensis,Ovis_canadensis,4.32,Global_sp_RI,calculated,replaced_Downs,
Cetartiodactyla,Bovidae,Ovis,dalli,Ovis_dalli,3.78,Global_sp_RI,calculated,replaced_Downs,
Cetartiodactyla,Bovidae,Ovis,vignei,Ovis_vignei,2.362,Global_sp_RI,calculated,new,
Primates,Hominidae,Pan,paniscus,Pan_paniscus,2.73,Global_sp_RI,automated,replaced_Downs,
Primates,Hominidae,Pan,troglodytes,Pan_troglodytes,5.65,Global_sp_RI,automated,replaced_Downs,
Carnivora,Felidae,Panthera,leo,Panthera_leo,8.54,Global_sp_RI,automated,replaced_Downs,
Carnivora,Felidae,Panthera,onca,Panthera_onca,8.19,Global_sp_RI,automated,replaced_Downs,
Carnivora,Felidae,Panthera,pardus,Panthera_pardus,8.62,Global_sp_RI,automated,replaced_Downs,
Carnivora,Felidae,Panthera,tigris,Panthera_tigris,7.38,Global_sp_RI,automated,replaced_Downs,
Carnivora,Felidae,Panthera,uncia,Panthera_uncia,7.98,Global_sp_RI,automated,replaced_Downs,
Primates,Cercopithecidae,Papio,anubis,Papio_anubis,3.861,Global_sp_RI,calculated,new,
Primates,Cercopithecidae,Papio,hamadryas,Papio_hamadryas,5.6,Global_sp_RI,automated,replaced_Downs,
Primates,Cercopithecidae,Papio,papio,Papio_papio,8.944,Global_sp_RI,calculated,new,
Cetartiodactyla,Tayassuidae,Pecari,tajacu,Pecari_tajacu,5.16,Global_sp_RI,automated,replaced_Downs,
Rodentia,Pedetidae,Pedetes,capensis,Pedetes_capensis,3.183,Global_sp_RI,calculated,replaced_Downs,
Peramelemorphia,Peramelidae,Perameles,gunnii,Perameles_gunnii,2.55,Global_sp_RI,automated,new,
Primates,Lorisidae,Perodicticus,potto,Perodicticus_potto,3.118,Global_sp_RI,calculated,replaced_Downs,
Diprotodontia,Petauridae,Petaurus,breviceps,Petaurus_breviceps,1.02,Global_sp_RI,calculated,retained,
Diprotodontia,Macropodidae,Petrogale,lateralis,Petrogale_lateralis,2.032,Global_sp_RI,calculated,new,
Diprotodontia,Macropodidae,Petrogale,penicillata,Petrogale_penicillata,2.435,Global_sp_RI,calculated,new,
Diprotodontia,Macropodidae,Petrogale,xanthopus,Petrogale_xanthopus,3.147,Global_sp_RI,calculated,replaced_Downs,
Cetartiodactyla,Suidae,Phacochoerus,aethiopicus,Phacochoerus_aethiopicus,4.72,Global_sp_RI,calculated,new,
Cetartiodactyla,Suidae,Phacochoerus,africanus,Phacochoerus_africanus,4.2,Global_sp_RI,automated,replaced_Downs,
Diprotodontia,Phalangeridae,Phalanger,gymnotis,Phalanger_gymnotis,1.38,Basic_stats,calculated,new,
Diprotodontia,Phascolarctidae,Phascolarctos,cinereus,Phascolarctos_cinereus,2.21,Global_sp_RI,automated,new,
Pholidota,Manidae,Phatanginus,tricuspis,Phatanginus_tricuspis,4.64,Global_sp_RI,automated,new,
Cetartiodactyla,Bovidae,Philantomba,maxwellii,Philantomba_maxwellii,1.257,Global_sp_RI,calculated,replaced_Downs,
Cetartiodactyla,Bovidae,Philantomba,monticola,Philantomba_monticola,1.21,Global_sp_RI,automated,replaced_Downs,
Rodentia,Muridae,Phloeomys,pallidus,Phloeomys_pallidus,1.477,Basic_stats,calculated,new,
Carnivora,Phocidae,Phoca,vitulina,Phoca_vitulina,5.29,Global_sp_RI,automated,replaced_Downs,
Primates,Pitheciidae,Pithecia,pithecia,Pithecia_pithecia,3.91,Global_sp_RI,automated,replaced_Downs,
Primates,Pitheciidae,Plecturocebus,cupreus,Plecturocebus_cupreus,2.088,Basic_stats,calculated,new,
Primates,Pitheciidae,Plecturocebus,donacophilus,Plecturocebus_donacophilus,2.98,Global_sp_RI,automated,new,
Primates,Pitheciidae,Plecturocebus,moloch,Plecturocebus_moloch,3.864,Basic_stats,calculated,new,
Primates,Hominidae,Pongo,abelii,Pongo_abelii,4.21,Global_sp_RI,automated,new,
Primates,Hominidae,Pongo,pygmaeus,Pongo_pygmaeus,3,Global_sp_RI,automated,replaced_Downs,
Cetartiodactyla,Suidae,Potamochoerus,porcus,Potamochoerus_porcus,4.09,Global_sp_RI,automated,replaced_Downs,
Diprotodontia,Potoroidae,Potorous,tridactylus,Potorous_tridactylus,1.795,Basic_stats,calculated,new,
Carnivora,Procyonidae,Potos,flavus,Potos_flavus,3.68,Global_sp_RI,automated,replaced_Downs,
Carnivora,Felidae,Prionailurus,bengalensis,Prionailurus_bengalensis,2.85,Global_sp_RI,calculated,new,
Carnivora,Felidae,Prionailurus,viverrinus,Prionailurus_viverrinus,4.925,Global_sp_RI,calculated,replaced_Downs,
Hyracoidea,Procaviidae,Procavia,capensis,Procavia_capensis,5.33,Global_sp_RI,automated,replaced_Downs,
Carnivora,Procyonidae,Procyon,lotor,Procyon_lotor,3.64,Global_sp_RI,automated,replaced_Downs,
Primates,Indriidae,Propithecus,coquereli,Propithecus_coquereli,3.53,Global_sp_RI,automated,new,
Primates,Indriidae,Propithecus,coronatus,Propithecus_coronatus,4.011,Basic_stats,calculated,new,
Carnivora,Hyaenidae,Proteles,cristatus,Proteles_cristatus,5.184,Global_sp_RI,calculated,replaced_Downs,
Diprotodontia,Pseudocheiridae,Pseudocheirus,peregrinus,Pseudocheirus_peregrinus,1.397,Basic_stats,calculated,new,
Cetartiodactyla,Bovidae,Pseudois,nayaur,Pseudois_nayaur,2.494,Basic_stats,calculated,new,
Carnivora,Mustelidae,Pteronura,brasiliensis,Pteronura_brasiliensis,5.786,Global_sp_RI,calculated,replaced_Downs,
Chiroptera,Pteropodidae,Pteropus,giganteus,Pteropus_giganteus,4.38,Global_sp_RI,calculated,retained,
Chiroptera,Pteropodidae,Pteropus,hypomelanus,Pteropus_hypomelanus,3.602,Global_sp_RI,calculated,new,
Chiroptera,Pteropodidae,Pteropus,livingstonii,Pteropus_livingstonii,3.696,Global_sp_RI,calculated,new,
Chiroptera,Pteropodidae,Pteropus,poliocephalus,Pteropus_poliocephalus,6,Basic_stats,calculated,new,
Chiroptera,Pteropodidae,Pteropus,pumilus,Pteropus_pumilus,5.035,Global_sp_RI,calculated,new,
Chiroptera,Pteropodidae,Pteropus,rodricensis,Pteropus_rodricensis,3.928,Global_sp_RI,calculated,replaced_Downs,
Chiroptera,Pteropodidae,Pteropus,scapulatus,Pteropus_scapulatus,4.025,Basic_stats,calculated,new,
Chiroptera,Pteropodidae,Pteropus,vampyrus,Pteropus_vampyrus,4.205,Global_sp_RI,calculated,new,
Cetartiodactyla,Cervidae,Pudu,pudu,Pudu_pudu,2.45,Global_sp_RI,automated,new,
Carnivora,Felidae,Puma,concolor,Puma_concolor,4.36,Global_sp_RI,automated,replaced_Downs,
Carnivora,Felidae,Puma,yagouaroundi,Puma_yagouaroundi,4.61,,,retained,
Primates,Cercopithecidae,Pygathrix,nemaeus,Pygathrix_nemaeus,5.06,Basic_stats,automated,new,
Cetartiodactyla,Cervidae,Rangifer,tarandus,Rangifer_tarandus,2.57,Global_sp_RI,automated,replaced_Downs,
Cetartiodactyla,Bovidae,Raphicerus,campestris,Raphicerus_campestris,2.907,Basic_stats,calculated,new,
Rodentia,Muridae,Rattus,norvegicus,Rattus_norvegicus,1.35,Global_sp_RI,calculated,new,
Perissodactyla,Rhinocerotidae,Rhinoceros,unicornis,Rhinoceros_unicornis,4.54,Global_sp_RI,calculated,new,
Macroscelidea,Macroscelididae,Rhynchocyon,petersi,Rhynchocyon_petersi,0.902,Global_sp_RI,calculated,new,
Chiroptera,Pteropodidae,Rousettus,aegyptiacus,Rousettus_aegyptiacus,2.058,Global_sp_RI,calculated,replaced_Downs,
Chiroptera,Pteropodidae,Rousettus,lanosus,Rousettus_lanosus,2.394,Global_sp_RI,calculated,new,
Cetartiodactyla,Cervidae,Rucervus,duvaucelii,Rucervus_duvaucelii,3,Global_sp_RI,calculated,new,
Cetartiodactyla,Cervidae,Rucervus,eldii,Rucervus_eldii,1.835,Global_sp_RI,calculated,replaced_Downs,
Cetartiodactyla,Bovidae,Rupicapra,rupicapra,Rupicapra_rupicapra,2.34,Global_sp_RI,calculated,replaced_Downs,
Cetartiodactyla,Cervidae,Rusa,alfredi,Rusa_alfredi,2.022,Basic_stats,calculated,new,
Cetartiodactyla,Cervidae,Rusa,unicolor,Rusa_unicolor,2.856,Global_sp_RI,calculated,new,
Primates,Cebidae,Saguinus,bicolor,Saguinus_bicolor,6.82,Global_sp_RI,automated,new,
Primates,Cebidae,Saguinus,geoffroyi,Saguinus_geoffroyi,5.55,Global_sp_RI,automated,new,
Primates,Cebidae,Saguinus,imperator,Saguinus_imperator,3.98,Global_sp_RI,automated,new,
Primates,Cebidae,Saguinus,leucopus,Saguinus_leucopus,5.6,Global_sp_RI,automated,new,
Primates,Cebidae,Saguinus,midas,Saguinus_midas,5.416,Global_sp_RI,calculated,replaced_Downs,
Primates,Cebidae,Saguinus,mystax,Saguinus_mystax,4.34,Global_sp_RI,calculated,new,
Primates,Cebidae,Saguinus,oedipus,Saguinus_oedipus,5.49,Global_sp_RI,automated,replaced_Downs,
Primates,Cebidae,Saimiri,boliviensis,Saimiri_boliviensis,2.9,Global_sp_RI,automated,new,
Primates,Cebidae,Saimiri,sciureus,Saimiri_sciureus,3.49,Global_sp_RI,automated,replaced_Downs,
Primates,Cebidae,Sapajus,apella,Sapajus_apella,3.44,Global_sp_RI,automated,replaced_Downs,
Primates,Cebidae,Sapajus,robustus,Sapajus_robustus,4.914,Global_sp_RI,calculated,new,
Primates,Cebidae,Sapajus,xanthosternos,Sapajus_xanthosternos,3.3,Basic_stats,automated,new,
Dasyuromorphia,Dasyuridae,Sacrophilus,harrisii,Sacrophilus_harrisii,3.54,Global_sp_RI,automated,new,
Rodentia,Sciuridae,Sciurus,vulgaris,Sciurus_vulgaris,1.656,Basic_stats,calculated,new,
Primates,Cercopithecidae,Semnopithecus,entellus,Semnopithecus_entellus,5.168,Global_sp_RI,calculated,replaced_Downs,
Afrosoricida,Tenrecidae,Setifer,setosus,Setifer_setosus,1.996,Basic_stats,calculated,new,
Diprotodontia,Macropodidae,Setonix,brachyurus,Setonix_brachyurus,2.91,Global_sp_RI,calculated,new,
Carnivora,Canidae,Speothos,venaticus,Speothos_venaticus,9.15,Global_sp_RI,calculated,replaced_Downs,
Carnivora,Mephitidae,Spilogale,putorius,Spilogale_putorius,1.881,Basic_stats,calculated,new,
Carnivora,Herpestidae,Suricata,suricatta,Suricata_suricatta,2.26,Global_sp_RI,automated,replaced_Downs,
Cetartiodactyla,Suidae,Sus,cebifrons,Sus_cebifrons,3,Basic_stats,automated,new,
Cetartiodactyla,Suidae,Sus,scrofa,Sus_scrofa,3.21,Global_sp_RI,automated,replaced_Downs,
Primates,Hylobatidae,Symphalangus,syndactylus,Symphalangus_syndactylus,5.75,Global_sp_RI,automated,replaced_Downs,
Cetartiodactyla,Bovidae,Syncerus,caffer,Syncerus_caffer,2.7,Global_sp_RI,calculated,replaced_Downs,
Monotremata,Tachyglossidae,Tachyglossus,aculeatus,Tachyglossus_aculeatus,7.467,Global_sp_RI,calculated,replaced_Downs,
Pilosa,Myrmecophagidae,Tamandua,tetradactyla,Tamandua_tetradactyla,2.51,Global_sp_RI,automated,replaced_Downs,
Perissodactyla,Tapiridae,Tapirus,bairdii,Tapirus_bairdii,4.106,Global_sp_RI,calculated,new,
Perissodactyla,Tapiridae,Tapirus,indicus,Tapirus_indicus,6.82,Global_sp_RI,automated,replaced_Downs,
Perissodactyla,Tapiridae,Tapirus,pinchaque,Tapirus_pinchaque,3.877,Global_sp_RI,calculated,new,
Perissodactyla,Tapiridae,Tapirus,terrestris,Tapirus_terrestris,4,Global_sp_RI,automated,replaced_Downs,
Cetartiodactyla,Bovidae,Taurotragus,derbianus,Taurotragus_derbianus,5.71,,,retained,
Carnivora,Mustelidae,Taxidea,taxus,Taxidea_taxus,5.481,Basic_stats,calculated,new,
Primates,Cercopithecidae,Theropithecus,gelada,Theropithecus_gelada,4.95,Global_sp_RI,automated,replaced_Downs,
Cingulata,Chlamyphoridae,Tolypeutes,matacus,Tolypeutes_matacus,2.2,Global_sp_RI,automated,new,
Primates,Cercopithecidae,Trachypithecus,auratus,Trachypithecus_auratus,3.282,Global_sp_RI,calculated,new,
Primates,Cercopithecidae,Trachypithecus,cristatus,Trachypithecus_cristatus,2.74,Global_sp_RI,automated,new,
Primates,Cercopithecidae,Trachypithecus,francoisi,Trachypithecus_francoisi,4.63,Global_sp_RI,automated,new,
Primates,Cercopithecidae,Trachypithecus,obscurus,Trachypithecus_obscurus,4.405,Global_sp_RI,automated,replaced_Downs,
Cetartiodactyla,Bovidae,Tragelaphus,angasii,Tragelaphus_angasii,3.12,Global_sp_RI,automated,replaced_Downs,
Cetartiodactyla,Bovidae,Tragelaphus,derbianus,Tragelaphus_derbianus,5.172,Global_sp_RI,calculated,new,
Cetartiodactyla,Bovidae,Tragelaphus,eurycerus,Tragelaphus_eurycerus,2.93,Global_sp_RI,automated,replaced_Downs,
Cetartiodactyla,Bovidae,Tragelaphus,imberbis,Tragelaphus_imberbis,2.65,Global_sp_RI,calculated,replaced_Downs,
Cetartiodactyla,Bovidae,Tragelaphus,oryx,Tragelaphus_oryx,3.55,Global_sp_RI,automated,retained,
Cetartiodactyla,Bovidae,Tragelaphus,scriptus,Tragelaphus_scriptus,2.47,,,retained,
Cetartiodactyla,Bovidae,Tragelaphus,spekii,Tragelaphus_spekii,3.433,Global_sp_RI,calculated,replaced_Downs,
Cetartiodactyla,Bovidae,Tragelaphus,strepsiceros,Tragelaphus_strepsiceros,3.13,Global_sp_RI,automated,replaced_Downs,
Cetartiodactyla,Tragulidae,Tragulus,napu,Tragulus_napu,3.84,Global_sp_RI,calculated,replaced_Downs,
Carnivora,Ursidae,Tremarctos,ornatus,Tremarctos_ornatus,4.73,Global_sp_RI,automated,replaced_Downs,
Sirenia,Trichechidae,Trichechus,manatus,Trichechus_manatus,3.21,Global_sp_RI,automated,replaced_Downs,
Sirenia,Trichechidae,Trichechus,vulpecula,Trichechus_vulpecula,3.748,Basic_stats,calculated,new,
Scandentia,Tupaiidae,Tupaia,belangeri,Tupaia_belangeri,0.572,Global_sp_RI,calculated,new,
Scandentia,Tupaiidae,Tupaia,glis,Tupaia_glis,0.756,Basic_stats,calculated,new,
Scandentia,Tupaiidae,Tupaia,tana,Tupaia_tana,1.472,Basic_stats,calculated,new,
Cetartiodactyla,Delphinidae,Tursiops,truncatus,Tursiops_truncatus,4.94,Global_sp_RI,automated,replaced_Downs,
Carnivora,Canidae,Urocyon,cinereoargenteus,Urocyon_cinereoargenteus,3.592,Global_sp_RI,calculated,replaced_Downs,
Carnivora,Canidae,Urocyon,littoralis,Urocyon_littoralis,4.183,Global_sp_RI,calculated,replaced_Downs,
Carnivora,Ursidae,Ursus,americanus,Ursus_americanus,4.52,Global_sp_RI,automated,replaced_Downs,
Carnivora,Ursidae,Ursus,arctos,Ursus_arctos,5.77,Global_sp_RI,automated,replaced_Downs,
Carnivora,Ursidae,Ursus,maritimus,Ursus_maritimus,5.9,Global_sp_RI,automated,replaced_Downs,
Carnivora,Ursidae,Ursus,thibetanus,Ursus_thibetanus,4.5,Global_sp_RI,calculated,replaced_Downs,
Primates,Lemuridae,Varecia,variegata,Varecia_variegata,3.58,Global_sp_RI,automated,replaced_Downs,
Cetartiodactyla,Camelidae,Vicunga,pacos,Vicunga_pacos,7.11,Global_sp_RI,automated,new,
Cetartiodactyla,Camelidae,Vicunga,vicunga,Vicunga_vicunga,4.67,Basic_stats,automated,new,
Diprotodontia,Vombatidae,Vombatus,ursinus,Vombatus_ursinus,3.295,Global_sp_RI,calculated,new,
Carnivora,Canidae,Vulpes,lagopus,Vulpes_lagopus,2.82,Global_sp_RI,automated,replaced_Downs,
Carnivora,Canidae,Vulpes,macrotis,Vulpes_macrotis,1.448,Global_sp_RI,calculated,new,
Carnivora,Canidae,Vulpes,velox,Vulpes_velox,1.63,Global_sp_RI,automated,replaced_Downs,
Carnivora,Canidae,Vulpes,vulpes,Vulpes_vulpes,2.27,Global_sp_RI,automated,replaced_Downs,
Carnivora,Canidae,Vulpes,zerda,Vulpes_zerda,2.05,Global_sp_RI,automated,replaced_Downs,
Diprotodontia,Macropodidae,Wallabia,bicolor,Wallabia_bicolor,1.98,Basic_stats,calculated,new,
Carnivora,Otariidae,Zalophus,californianus,Zalophus_californianus,2.61,Global_sp_RI,automated,replaced_Downs,